taxi_id,year_month,tips_sum,tips_change
23f128209b227dfd806428d903d59e15ec4bb57458648d37458c82cf510aca17681c355112cb8e9a0cea9369848e3621dea3998dbd95430c2816f1d45d1f7425,2013-01,529.1500000000002,
23f128209b227dfd806428d903d59e15ec4bb57458648d37458c82cf510aca17681c355112cb8e9a0cea9369848e3621dea3998dbd95430c2816f1d45d1f7425,2013-02,540.4000000000001,2.126051214211449
23f128209b227dfd806428d903d59e15ec4bb57458648d37458c82cf510aca17681c355112cb8e9a0cea9369848e3621dea3998dbd95430c2816f1d45d1f7425,2013-03,651.3,20.521835677276062
23f128209b227dfd806428d903d59e15ec4bb57458648d37458c82cf510aca17681c355112cb8e9a0cea9369848e3621dea3998dbd95430c2816f1d45d1f7425,2013-04,702.5200000000001,7.8642714570858505
23f128209b227dfd806428d903d59e15ec4bb57458648d37458c82cf510aca17681c355112cb8e9a0cea9369848e3621dea3998dbd95430c2816f1d45d1f7425,2013-05,687.7499999999998,-2.1024312475090134
23f128209b227dfd806428d903d59e15ec4bb57458648d37458c82cf510aca17681c355112cb8e9a0cea9369848e3621dea3998dbd95430c2816f1d45d1f7425,2013-06,685.79,-0.28498727735366186
23f128209b227dfd806428d903d59e15ec4bb57458648d37458c82cf510aca17681c355112cb8e9a0cea9369848e3621dea3998dbd95430c2816f1d45d1f7425,2013-07,632.2600000000001,-7.805596465390259
23f128209b227dfd806428d903d59e15ec4bb57458648d37458c82cf510aca17681c355112cb8e9a0cea9369848e3621dea3998dbd95430c2816f1d45d1f7425,2013-08,602.41,-4.721159016860174
23f128209b227dfd806428d903d59e15ec4bb57458648d37458c82cf510aca17681c355112cb8e9a0cea9369848e3621dea3998dbd95430c2816f1d45d1f7425,2013-09,641.0000000000001,6.405936156438331
23f128209b227dfd806428d903d59e15ec4bb57458648d37458c82cf510aca17681c355112cb8e9a0cea9369848e3621dea3998dbd95430c2816f1d45d1f7425,2013-10,713.66,11.335413416536637
23f128209b227dfd806428d903d59e15ec4bb57458648d37458c82cf510aca17681c355112cb8e9a0cea9369848e3621dea3998dbd95430c2816f1d45d1f7425,2013-11,694.3299999999999,-2.708572709693698
23f128209b227dfd806428d903d59e15ec4bb57458648d37458c82cf510aca17681c355112cb8e9a0cea9369848e3621dea3998dbd95430c2816f1d45d1f7425,2013-12,704.45,1.4575201993288667
23f128209b227dfd806428d903d59e15ec4bb57458648d37458c82cf510aca17681c355112cb8e9a0cea9369848e3621dea3998dbd95430c2816f1d45d1f7425,2014-01,538.8000000000001,-23.514798779189434
23f128209b227dfd806428d903d59e15ec4bb57458648d37458c82cf510aca17681c355112cb8e9a0cea9369848e3621dea3998dbd95430c2816f1d45d1f7425,2014-02,544.16,0.9948032665181699
23f128209b227dfd806428d903d59e15ec4bb57458648d37458c82cf510aca17681c355112cb8e9a0cea9369848e3621dea3998dbd95430c2816f1d45d1f7425,2014-03,596.95,9.701190826227595
23f128209b227dfd806428d903d59e15ec4bb57458648d37458c82cf510aca17681c355112cb8e9a0cea9369848e3621dea3998dbd95430c2816f1d45d1f7425,2014-04,367.4,-38.45380685149511
23f128209b227dfd806428d903d59e15ec4bb57458648d37458c82cf510aca17681c355112cb8e9a0cea9369848e3621dea3998dbd95430c2816f1d45d1f7425,2014-05,711.4000000000002,93.63091997822544
23f128209b227dfd806428d903d59e15ec4bb57458648d37458c82cf510aca17681c355112cb8e9a0cea9369848e3621dea3998dbd95430c2816f1d45d1f7425,2014-06,761.1800000000001,6.9974697779027055
23f128209b227dfd806428d903d59e15ec4bb57458648d37458c82cf510aca17681c355112cb8e9a0cea9369848e3621dea3998dbd95430c2816f1d45d1f7425,2014-07,311.94999999999993,-59.017577971044965
23f128209b227dfd806428d903d59e15ec4bb57458648d37458c82cf510aca17681c355112cb8e9a0cea9369848e3621dea3998dbd95430c2816f1d45d1f7425,2014-08,206.99,-33.646417695143434
23f128209b227dfd806428d903d59e15ec4bb57458648d37458c82cf510aca17681c355112cb8e9a0cea9369848e3621dea3998dbd95430c2816f1d45d1f7425,2014-09,411.45,98.77771873037344
23f128209b227dfd806428d903d59e15ec4bb57458648d37458c82cf510aca17681c355112cb8e9a0cea9369848e3621dea3998dbd95430c2816f1d45d1f7425,2014-10,323.97,-21.26139263580021
23f128209b227dfd806428d903d59e15ec4bb57458648d37458c82cf510aca17681c355112cb8e9a0cea9369848e3621dea3998dbd95430c2816f1d45d1f7425,2014-11,232.08,-28.36373738309103
23f128209b227dfd806428d903d59e15ec4bb57458648d37458c82cf510aca17681c355112cb8e9a0cea9369848e3621dea3998dbd95430c2816f1d45d1f7425,2014-12,299.61,29.097724922440538
23f128209b227dfd806428d903d59e15ec4bb57458648d37458c82cf510aca17681c355112cb8e9a0cea9369848e3621dea3998dbd95430c2816f1d45d1f7425,2015-01,378.23999999999995,26.244117352558305
23f128209b227dfd806428d903d59e15ec4bb57458648d37458c82cf510aca17681c355112cb8e9a0cea9369848e3621dea3998dbd95430c2816f1d45d1f7425,2015-02,696.0999999999998,84.03659052453466
23f128209b227dfd806428d903d59e15ec4bb57458648d37458c82cf510aca17681c355112cb8e9a0cea9369848e3621dea3998dbd95430c2816f1d45d1f7425,2015-03,628.62,-9.694009481396323
23f128209b227dfd806428d903d59e15ec4bb57458648d37458c82cf510aca17681c355112cb8e9a0cea9369848e3621dea3998dbd95430c2816f1d45d1f7425,2015-04,104.90000000000002,-83.31265311316854
23f128209b227dfd806428d903d59e15ec4bb57458648d37458c82cf510aca17681c355112cb8e9a0cea9369848e3621dea3998dbd95430c2816f1d45d1f7425,2015-05,221.83,111.46806482364153
23f128209b227dfd806428d903d59e15ec4bb57458648d37458c82cf510aca17681c355112cb8e9a0cea9369848e3621dea3998dbd95430c2816f1d45d1f7425,2015-06,476.9,114.9844475499256
23f128209b227dfd806428d903d59e15ec4bb57458648d37458c82cf510aca17681c355112cb8e9a0cea9369848e3621dea3998dbd95430c2816f1d45d1f7425,2015-07,500.48,4.944432795135258
23f128209b227dfd806428d903d59e15ec4bb57458648d37458c82cf510aca17681c355112cb8e9a0cea9369848e3621dea3998dbd95430c2816f1d45d1f7425,2015-08,362.20000000000005,-27.6294757033248
23f128209b227dfd806428d903d59e15ec4bb57458648d37458c82cf510aca17681c355112cb8e9a0cea9369848e3621dea3998dbd95430c2816f1d45d1f7425,2015-09,411.51000000000005,13.61402540033131
23f128209b227dfd806428d903d59e15ec4bb57458648d37458c82cf510aca17681c355112cb8e9a0cea9369848e3621dea3998dbd95430c2816f1d45d1f7425,2015-10,386.9,-5.9804135986974964
23f128209b227dfd806428d903d59e15ec4bb57458648d37458c82cf510aca17681c355112cb8e9a0cea9369848e3621dea3998dbd95430c2816f1d45d1f7425,2015-11,335.05,-13.401395709485648
23f128209b227dfd806428d903d59e15ec4bb57458648d37458c82cf510aca17681c355112cb8e9a0cea9369848e3621dea3998dbd95430c2816f1d45d1f7425,2015-12,367.29,9.6224444112819
23f128209b227dfd806428d903d59e15ec4bb57458648d37458c82cf510aca17681c355112cb8e9a0cea9369848e3621dea3998dbd95430c2816f1d45d1f7425,2016-01,323.6499999999999,-11.881619428789266
23f128209b227dfd806428d903d59e15ec4bb57458648d37458c82cf510aca17681c355112cb8e9a0cea9369848e3621dea3998dbd95430c2816f1d45d1f7425,2016-02,451.21999999999997,39.41603584118649
23f128209b227dfd806428d903d59e15ec4bb57458648d37458c82cf510aca17681c355112cb8e9a0cea9369848e3621dea3998dbd95430c2816f1d45d1f7425,2016-03,645.0899999999998,42.96573733433798
23f128209b227dfd806428d903d59e15ec4bb57458648d37458c82cf510aca17681c355112cb8e9a0cea9369848e3621dea3998dbd95430c2816f1d45d1f7425,2016-04,528.2599999999999,-18.110651226960574
23f128209b227dfd806428d903d59e15ec4bb57458648d37458c82cf510aca17681c355112cb8e9a0cea9369848e3621dea3998dbd95430c2816f1d45d1f7425,2016-05,710.9999999999998,34.59281414455002
23f128209b227dfd806428d903d59e15ec4bb57458648d37458c82cf510aca17681c355112cb8e9a0cea9369848e3621dea3998dbd95430c2816f1d45d1f7425,2016-06,551.27,-22.465541490857923
23f128209b227dfd806428d903d59e15ec4bb57458648d37458c82cf510aca17681c355112cb8e9a0cea9369848e3621dea3998dbd95430c2816f1d45d1f7425,2016-07,328.34,-40.43934913926026
23f128209b227dfd806428d903d59e15ec4bb57458648d37458c82cf510aca17681c355112cb8e9a0cea9369848e3621dea3998dbd95430c2816f1d45d1f7425,2016-08,375.47000000000014,14.354023268563127
23f128209b227dfd806428d903d59e15ec4bb57458648d37458c82cf510aca17681c355112cb8e9a0cea9369848e3621dea3998dbd95430c2816f1d45d1f7425,2016-09,450.94,20.100141156417244
23f128209b227dfd806428d903d59e15ec4bb57458648d37458c82cf510aca17681c355112cb8e9a0cea9369848e3621dea3998dbd95430c2816f1d45d1f7425,2016-10,390.15999999999997,-13.478511553643507
23f128209b227dfd806428d903d59e15ec4bb57458648d37458c82cf510aca17681c355112cb8e9a0cea9369848e3621dea3998dbd95430c2816f1d45d1f7425,2016-11,438.7600000000001,12.456428132048426
23f128209b227dfd806428d903d59e15ec4bb57458648d37458c82cf510aca17681c355112cb8e9a0cea9369848e3621dea3998dbd95430c2816f1d45d1f7425,2016-12,353.32000000000005,-19.473060443066835
23f128209b227dfd806428d903d59e15ec4bb57458648d37458c82cf510aca17681c355112cb8e9a0cea9369848e3621dea3998dbd95430c2816f1d45d1f7425,2017-01,267.40000000000003,-24.317898788633535
23f128209b227dfd806428d903d59e15ec4bb57458648d37458c82cf510aca17681c355112cb8e9a0cea9369848e3621dea3998dbd95430c2816f1d45d1f7425,2017-02,607.49,127.18399401645473
23f128209b227dfd806428d903d59e15ec4bb57458648d37458c82cf510aca17681c355112cb8e9a0cea9369848e3621dea3998dbd95430c2816f1d45d1f7425,2017-03,369.1500000000001,-39.233567630742876
23f128209b227dfd806428d903d59e15ec4bb57458648d37458c82cf510aca17681c355112cb8e9a0cea9369848e3621dea3998dbd95430c2816f1d45d1f7425,2017-04,525.37,42.31884057971011
23f128209b227dfd806428d903d59e15ec4bb57458648d37458c82cf510aca17681c355112cb8e9a0cea9369848e3621dea3998dbd95430c2816f1d45d1f7425,2017-05,809.9699999999997,54.17134590859769
23f128209b227dfd806428d903d59e15ec4bb57458648d37458c82cf510aca17681c355112cb8e9a0cea9369848e3621dea3998dbd95430c2816f1d45d1f7425,2017-06,533.8899999999999,-34.08521303258144
23f128209b227dfd806428d903d59e15ec4bb57458648d37458c82cf510aca17681c355112cb8e9a0cea9369848e3621dea3998dbd95430c2816f1d45d1f7425,2017-07,352.0700000000001,-34.0557043585757
23f128209b227dfd806428d903d59e15ec4bb57458648d37458c82cf510aca17681c355112cb8e9a0cea9369848e3621dea3998dbd95430c2816f1d45d1f7425,2017-08,466.80999999999995,32.59010992132241
23f128209b227dfd806428d903d59e15ec4bb57458648d37458c82cf510aca17681c355112cb8e9a0cea9369848e3621dea3998dbd95430c2816f1d45d1f7425,2017-09,505.7500000000001,8.341723613461618
23f128209b227dfd806428d903d59e15ec4bb57458648d37458c82cf510aca17681c355112cb8e9a0cea9369848e3621dea3998dbd95430c2816f1d45d1f7425,2017-10,666.4899999999999,31.782501235788384
23f128209b227dfd806428d903d59e15ec4bb57458648d37458c82cf510aca17681c355112cb8e9a0cea9369848e3621dea3998dbd95430c2816f1d45d1f7425,2017-11,1518.0799999999992,127.77235967531388
23f128209b227dfd806428d903d59e15ec4bb57458648d37458c82cf510aca17681c355112cb8e9a0cea9369848e3621dea3998dbd95430c2816f1d45d1f7425,2017-12,1165.2899999999993,-23.239223229342336
23f128209b227dfd806428d903d59e15ec4bb57458648d37458c82cf510aca17681c355112cb8e9a0cea9369848e3621dea3998dbd95430c2816f1d45d1f7425,2018-01,1573.4399999999998,35.02561594109628
23f128209b227dfd806428d903d59e15ec4bb57458648d37458c82cf510aca17681c355112cb8e9a0cea9369848e3621dea3998dbd95430c2816f1d45d1f7425,2018-02,1293.7400000000002,-17.776337197478114
23f128209b227dfd806428d903d59e15ec4bb57458648d37458c82cf510aca17681c355112cb8e9a0cea9369848e3621dea3998dbd95430c2816f1d45d1f7425,2018-03,1559.5799999999977,20.548178150169072
23f128209b227dfd806428d903d59e15ec4bb57458648d37458c82cf510aca17681c355112cb8e9a0cea9369848e3621dea3998dbd95430c2816f1d45d1f7425,2018-04,1622.5699999999993,4.03890791110438
23f128209b227dfd806428d903d59e15ec4bb57458648d37458c82cf510aca17681c355112cb8e9a0cea9369848e3621dea3998dbd95430c2816f1d45d1f7425,2018-05,1361.2499999999998,-16.105314408623332
23f128209b227dfd806428d903d59e15ec4bb57458648d37458c82cf510aca17681c355112cb8e9a0cea9369848e3621dea3998dbd95430c2816f1d45d1f7425,2018-06,1789.3999999999994,31.45270890725434
23f128209b227dfd806428d903d59e15ec4bb57458648d37458c82cf510aca17681c355112cb8e9a0cea9369848e3621dea3998dbd95430c2816f1d45d1f7425,2018-07,1514.86,-15.342572929473544
23f128209b227dfd806428d903d59e15ec4bb57458648d37458c82cf510aca17681c355112cb8e9a0cea9369848e3621dea3998dbd95430c2816f1d45d1f7425,2018-08,1769.1299999999997,16.785049443512918
23f128209b227dfd806428d903d59e15ec4bb57458648d37458c82cf510aca17681c355112cb8e9a0cea9369848e3621dea3998dbd95430c2816f1d45d1f7425,2018-09,1617.58,-8.566357475143136
23f128209b227dfd806428d903d59e15ec4bb57458648d37458c82cf510aca17681c355112cb8e9a0cea9369848e3621dea3998dbd95430c2816f1d45d1f7425,2018-10,1783.2299999999987,10.240606337862655
23f128209b227dfd806428d903d59e15ec4bb57458648d37458c82cf510aca17681c355112cb8e9a0cea9369848e3621dea3998dbd95430c2816f1d45d1f7425,2018-11,1518.1999999999994,-14.862356510377209
23f128209b227dfd806428d903d59e15ec4bb57458648d37458c82cf510aca17681c355112cb8e9a0cea9369848e3621dea3998dbd95430c2816f1d45d1f7425,2018-12,1389.7599999999998,-8.460018442892876
23f128209b227dfd806428d903d59e15ec4bb57458648d37458c82cf510aca17681c355112cb8e9a0cea9369848e3621dea3998dbd95430c2816f1d45d1f7425,2019-01,480.14000000000004,-65.4515887635275
23f128209b227dfd806428d903d59e15ec4bb57458648d37458c82cf510aca17681c355112cb8e9a0cea9369848e3621dea3998dbd95430c2816f1d45d1f7425,2019-02,419.9,-12.546340650643575
23f128209b227dfd806428d903d59e15ec4bb57458648d37458c82cf510aca17681c355112cb8e9a0cea9369848e3621dea3998dbd95430c2816f1d45d1f7425,2019-03,407.62000000000006,-2.9245058347225332
23f128209b227dfd806428d903d59e15ec4bb57458648d37458c82cf510aca17681c355112cb8e9a0cea9369848e3621dea3998dbd95430c2816f1d45d1f7425,2019-04,479.87999999999994,17.727295029684477
23f128209b227dfd806428d903d59e15ec4bb57458648d37458c82cf510aca17681c355112cb8e9a0cea9369848e3621dea3998dbd95430c2816f1d45d1f7425,2019-05,543.1000000000001,13.174126865049637
23f128209b227dfd806428d903d59e15ec4bb57458648d37458c82cf510aca17681c355112cb8e9a0cea9369848e3621dea3998dbd95430c2816f1d45d1f7425,2019-06,530.78,-2.2684588473577905
23f128209b227dfd806428d903d59e15ec4bb57458648d37458c82cf510aca17681c355112cb8e9a0cea9369848e3621dea3998dbd95430c2816f1d45d1f7425,2019-07,417.5300000000001,-21.33652360676738
23f128209b227dfd806428d903d59e15ec4bb57458648d37458c82cf510aca17681c355112cb8e9a0cea9369848e3621dea3998dbd95430c2816f1d45d1f7425,2019-08,211.88000000000002,-49.253945824252156
23f128209b227dfd806428d903d59e15ec4bb57458648d37458c82cf510aca17681c355112cb8e9a0cea9369848e3621dea3998dbd95430c2816f1d45d1f7425,2019-09,349.64,65.01793468000753
23f128209b227dfd806428d903d59e15ec4bb57458648d37458c82cf510aca17681c355112cb8e9a0cea9369848e3621dea3998dbd95430c2816f1d45d1f7425,2019-10,255.15,-27.024939938222165
23f128209b227dfd806428d903d59e15ec4bb57458648d37458c82cf510aca17681c355112cb8e9a0cea9369848e3621dea3998dbd95430c2816f1d45d1f7425,2019-11,262.39,2.837546541250237
23f128209b227dfd806428d903d59e15ec4bb57458648d37458c82cf510aca17681c355112cb8e9a0cea9369848e3621dea3998dbd95430c2816f1d45d1f7425,2019-12,179.33999999999997,-31.651358664583263
23f128209b227dfd806428d903d59e15ec4bb57458648d37458c82cf510aca17681c355112cb8e9a0cea9369848e3621dea3998dbd95430c2816f1d45d1f7425,2020-01,351.15,95.80127132820343
23f128209b227dfd806428d903d59e15ec4bb57458648d37458c82cf510aca17681c355112cb8e9a0cea9369848e3621dea3998dbd95430c2816f1d45d1f7425,2020-02,350.26,-0.25345294033888266
23f128209b227dfd806428d903d59e15ec4bb57458648d37458c82cf510aca17681c355112cb8e9a0cea9369848e3621dea3998dbd95430c2816f1d45d1f7425,2020-03,137.76000000000002,-60.66921715297207
717bdd1375852978c2b13163e7a2ced4bf2b1ba3fedd7d75d38ae2e3820089272e16f5ba217eb09ab34f8d3b8d1f16da7d2f0a816ea6ab6775c8736ba31c5a4e,2013-01,253.6,
717bdd1375852978c2b13163e7a2ced4bf2b1ba3fedd7d75d38ae2e3820089272e16f5ba217eb09ab34f8d3b8d1f16da7d2f0a816ea6ab6775c8736ba31c5a4e,2013-02,185.68,-26.782334384858043
717bdd1375852978c2b13163e7a2ced4bf2b1ba3fedd7d75d38ae2e3820089272e16f5ba217eb09ab34f8d3b8d1f16da7d2f0a816ea6ab6775c8736ba31c5a4e,2013-03,281.77,51.75032313657905
717bdd1375852978c2b13163e7a2ced4bf2b1ba3fedd7d75d38ae2e3820089272e16f5ba217eb09ab34f8d3b8d1f16da7d2f0a816ea6ab6775c8736ba31c5a4e,2013-04,421.93000000000006,49.74269794513258
717bdd1375852978c2b13163e7a2ced4bf2b1ba3fedd7d75d38ae2e3820089272e16f5ba217eb09ab34f8d3b8d1f16da7d2f0a816ea6ab6775c8736ba31c5a4e,2013-05,436.91,3.550351954115602
717bdd1375852978c2b13163e7a2ced4bf2b1ba3fedd7d75d38ae2e3820089272e16f5ba217eb09ab34f8d3b8d1f16da7d2f0a816ea6ab6775c8736ba31c5a4e,2013-06,570.2,30.507427158911447
717bdd1375852978c2b13163e7a2ced4bf2b1ba3fedd7d75d38ae2e3820089272e16f5ba217eb09ab34f8d3b8d1f16da7d2f0a816ea6ab6775c8736ba31c5a4e,2013-07,183.85,-67.75692739389689
717bdd1375852978c2b13163e7a2ced4bf2b1ba3fedd7d75d38ae2e3820089272e16f5ba217eb09ab34f8d3b8d1f16da7d2f0a816ea6ab6775c8736ba31c5a4e,2013-08,562.6899999999999,206.05928746260537
717bdd1375852978c2b13163e7a2ced4bf2b1ba3fedd7d75d38ae2e3820089272e16f5ba217eb09ab34f8d3b8d1f16da7d2f0a816ea6ab6775c8736ba31c5a4e,2013-09,676.32,20.194067781549364
717bdd1375852978c2b13163e7a2ced4bf2b1ba3fedd7d75d38ae2e3820089272e16f5ba217eb09ab34f8d3b8d1f16da7d2f0a816ea6ab6775c8736ba31c5a4e,2013-10,603.4100000000001,-10.780399810740473
717bdd1375852978c2b13163e7a2ced4bf2b1ba3fedd7d75d38ae2e3820089272e16f5ba217eb09ab34f8d3b8d1f16da7d2f0a816ea6ab6775c8736ba31c5a4e,2013-11,654.13,8.405561724200776
717bdd1375852978c2b13163e7a2ced4bf2b1ba3fedd7d75d38ae2e3820089272e16f5ba217eb09ab34f8d3b8d1f16da7d2f0a816ea6ab6775c8736ba31c5a4e,2013-12,214.61,-67.19153685047314
717bdd1375852978c2b13163e7a2ced4bf2b1ba3fedd7d75d38ae2e3820089272e16f5ba217eb09ab34f8d3b8d1f16da7d2f0a816ea6ab6775c8736ba31c5a4e,2014-02,0.0,-100.0
717bdd1375852978c2b13163e7a2ced4bf2b1ba3fedd7d75d38ae2e3820089272e16f5ba217eb09ab34f8d3b8d1f16da7d2f0a816ea6ab6775c8736ba31c5a4e,2014-03,0.0,
717bdd1375852978c2b13163e7a2ced4bf2b1ba3fedd7d75d38ae2e3820089272e16f5ba217eb09ab34f8d3b8d1f16da7d2f0a816ea6ab6775c8736ba31c5a4e,2014-04,0.0,
717bdd1375852978c2b13163e7a2ced4bf2b1ba3fedd7d75d38ae2e3820089272e16f5ba217eb09ab34f8d3b8d1f16da7d2f0a816ea6ab6775c8736ba31c5a4e,2014-05,0.0,
717bdd1375852978c2b13163e7a2ced4bf2b1ba3fedd7d75d38ae2e3820089272e16f5ba217eb09ab34f8d3b8d1f16da7d2f0a816ea6ab6775c8736ba31c5a4e,2014-07,0.0,
717bdd1375852978c2b13163e7a2ced4bf2b1ba3fedd7d75d38ae2e3820089272e16f5ba217eb09ab34f8d3b8d1f16da7d2f0a816ea6ab6775c8736ba31c5a4e,2014-08,105.45,
717bdd1375852978c2b13163e7a2ced4bf2b1ba3fedd7d75d38ae2e3820089272e16f5ba217eb09ab34f8d3b8d1f16da7d2f0a816ea6ab6775c8736ba31c5a4e,2014-09,415.74999999999994,294.2626837363679
717bdd1375852978c2b13163e7a2ced4bf2b1ba3fedd7d75d38ae2e3820089272e16f5ba217eb09ab34f8d3b8d1f16da7d2f0a816ea6ab6775c8736ba31c5a4e,2014-10,441.23999999999995,6.131088394467833
717bdd1375852978c2b13163e7a2ced4bf2b1ba3fedd7d75d38ae2e3820089272e16f5ba217eb09ab34f8d3b8d1f16da7d2f0a816ea6ab6775c8736ba31c5a4e,2014-11,486.55999999999995,10.271054301513916
717bdd1375852978c2b13163e7a2ced4bf2b1ba3fedd7d75d38ae2e3820089272e16f5ba217eb09ab34f8d3b8d1f16da7d2f0a816ea6ab6775c8736ba31c5a4e,2014-12,419.03,-13.879069385070697
717bdd1375852978c2b13163e7a2ced4bf2b1ba3fedd7d75d38ae2e3820089272e16f5ba217eb09ab34f8d3b8d1f16da7d2f0a816ea6ab6775c8736ba31c5a4e,2015-01,357.09999999999997,-14.77937140538864
717bdd1375852978c2b13163e7a2ced4bf2b1ba3fedd7d75d38ae2e3820089272e16f5ba217eb09ab34f8d3b8d1f16da7d2f0a816ea6ab6775c8736ba31c5a4e,2015-02,493.20000000000005,38.112573508821086
717bdd1375852978c2b13163e7a2ced4bf2b1ba3fedd7d75d38ae2e3820089272e16f5ba217eb09ab34f8d3b8d1f16da7d2f0a816ea6ab6775c8736ba31c5a4e,2015-03,514.88,4.395782643957816
717bdd1375852978c2b13163e7a2ced4bf2b1ba3fedd7d75d38ae2e3820089272e16f5ba217eb09ab34f8d3b8d1f16da7d2f0a816ea6ab6775c8736ba31c5a4e,2015-04,252.00000000000006,-51.056556867619626
717bdd1375852978c2b13163e7a2ced4bf2b1ba3fedd7d75d38ae2e3820089272e16f5ba217eb09ab34f8d3b8d1f16da7d2f0a816ea6ab6775c8736ba31c5a4e,2015-05,533.2800000000001,111.61904761904759
717bdd1375852978c2b13163e7a2ced4bf2b1ba3fedd7d75d38ae2e3820089272e16f5ba217eb09ab34f8d3b8d1f16da7d2f0a816ea6ab6775c8736ba31c5a4e,2015-06,475.64,-10.808580858085826
717bdd1375852978c2b13163e7a2ced4bf2b1ba3fedd7d75d38ae2e3820089272e16f5ba217eb09ab34f8d3b8d1f16da7d2f0a816ea6ab6775c8736ba31c5a4e,2015-07,595.5500000000001,25.210243040955362
717bdd1375852978c2b13163e7a2ced4bf2b1ba3fedd7d75d38ae2e3820089272e16f5ba217eb09ab34f8d3b8d1f16da7d2f0a816ea6ab6775c8736ba31c5a4e,2015-08,544.7,-8.53832591721938
717bdd1375852978c2b13163e7a2ced4bf2b1ba3fedd7d75d38ae2e3820089272e16f5ba217eb09ab34f8d3b8d1f16da7d2f0a816ea6ab6775c8736ba31c5a4e,2015-09,684.6800000000001,25.698549660363508
717bdd1375852978c2b13163e7a2ced4bf2b1ba3fedd7d75d38ae2e3820089272e16f5ba217eb09ab34f8d3b8d1f16da7d2f0a816ea6ab6775c8736ba31c5a4e,2015-10,563.5500000000001,-17.691476310101066
717bdd1375852978c2b13163e7a2ced4bf2b1ba3fedd7d75d38ae2e3820089272e16f5ba217eb09ab34f8d3b8d1f16da7d2f0a816ea6ab6775c8736ba31c5a4e,2015-11,501.1500000000001,-11.072664359861587
717bdd1375852978c2b13163e7a2ced4bf2b1ba3fedd7d75d38ae2e3820089272e16f5ba217eb09ab34f8d3b8d1f16da7d2f0a816ea6ab6775c8736ba31c5a4e,2015-12,537.9999999999999,7.3530878978349365
717bdd1375852978c2b13163e7a2ced4bf2b1ba3fedd7d75d38ae2e3820089272e16f5ba217eb09ab34f8d3b8d1f16da7d2f0a816ea6ab6775c8736ba31c5a4e,2016-01,689.8000000000001,28.21561338289967
717bdd1375852978c2b13163e7a2ced4bf2b1ba3fedd7d75d38ae2e3820089272e16f5ba217eb09ab34f8d3b8d1f16da7d2f0a816ea6ab6775c8736ba31c5a4e,2016-02,574.4800000000001,-16.717889243258906
717bdd1375852978c2b13163e7a2ced4bf2b1ba3fedd7d75d38ae2e3820089272e16f5ba217eb09ab34f8d3b8d1f16da7d2f0a816ea6ab6775c8736ba31c5a4e,2016-03,579.0699999999999,0.7989834284918192
717bdd1375852978c2b13163e7a2ced4bf2b1ba3fedd7d75d38ae2e3820089272e16f5ba217eb09ab34f8d3b8d1f16da7d2f0a816ea6ab6775c8736ba31c5a4e,2016-04,577.9999999999999,-0.18477904225742142
717bdd1375852978c2b13163e7a2ced4bf2b1ba3fedd7d75d38ae2e3820089272e16f5ba217eb09ab34f8d3b8d1f16da7d2f0a816ea6ab6775c8736ba31c5a4e,2016-05,621.37,7.50346020761248
717bdd1375852978c2b13163e7a2ced4bf2b1ba3fedd7d75d38ae2e3820089272e16f5ba217eb09ab34f8d3b8d1f16da7d2f0a816ea6ab6775c8736ba31c5a4e,2016-06,461.89,-25.66586735761302
717bdd1375852978c2b13163e7a2ced4bf2b1ba3fedd7d75d38ae2e3820089272e16f5ba217eb09ab34f8d3b8d1f16da7d2f0a816ea6ab6775c8736ba31c5a4e,2016-07,315.26,-31.745653727077876
717bdd1375852978c2b13163e7a2ced4bf2b1ba3fedd7d75d38ae2e3820089272e16f5ba217eb09ab34f8d3b8d1f16da7d2f0a816ea6ab6775c8736ba31c5a4e,2016-08,208.95000000000005,-33.7213728351202
717bdd1375852978c2b13163e7a2ced4bf2b1ba3fedd7d75d38ae2e3820089272e16f5ba217eb09ab34f8d3b8d1f16da7d2f0a816ea6ab6775c8736ba31c5a4e,2016-09,74.1,-64.53697056712133
717bdd1375852978c2b13163e7a2ced4bf2b1ba3fedd7d75d38ae2e3820089272e16f5ba217eb09ab34f8d3b8d1f16da7d2f0a816ea6ab6775c8736ba31c5a4e,2017-01,110.75,49.460188933873155
717bdd1375852978c2b13163e7a2ced4bf2b1ba3fedd7d75d38ae2e3820089272e16f5ba217eb09ab34f8d3b8d1f16da7d2f0a816ea6ab6775c8736ba31c5a4e,2017-02,899.0299999999999,711.7652370203159
717bdd1375852978c2b13163e7a2ced4bf2b1ba3fedd7d75d38ae2e3820089272e16f5ba217eb09ab34f8d3b8d1f16da7d2f0a816ea6ab6775c8736ba31c5a4e,2017-03,770.4499999999999,-14.302081131886583
717bdd1375852978c2b13163e7a2ced4bf2b1ba3fedd7d75d38ae2e3820089272e16f5ba217eb09ab34f8d3b8d1f16da7d2f0a816ea6ab6775c8736ba31c5a4e,2017-04,757.9499999999999,-1.6224284509053153
717bdd1375852978c2b13163e7a2ced4bf2b1ba3fedd7d75d38ae2e3820089272e16f5ba217eb09ab34f8d3b8d1f16da7d2f0a816ea6ab6775c8736ba31c5a4e,2017-05,665.76,-12.163071442707295
717bdd1375852978c2b13163e7a2ced4bf2b1ba3fedd7d75d38ae2e3820089272e16f5ba217eb09ab34f8d3b8d1f16da7d2f0a816ea6ab6775c8736ba31c5a4e,2017-06,813.2599999999999,22.15513097813024
717bdd1375852978c2b13163e7a2ced4bf2b1ba3fedd7d75d38ae2e3820089272e16f5ba217eb09ab34f8d3b8d1f16da7d2f0a816ea6ab6775c8736ba31c5a4e,2017-07,577.21,-29.02515800604971
717bdd1375852978c2b13163e7a2ced4bf2b1ba3fedd7d75d38ae2e3820089272e16f5ba217eb09ab34f8d3b8d1f16da7d2f0a816ea6ab6775c8736ba31c5a4e,2017-08,736.6900000000002,27.629458949082675
717bdd1375852978c2b13163e7a2ced4bf2b1ba3fedd7d75d38ae2e3820089272e16f5ba217eb09ab34f8d3b8d1f16da7d2f0a816ea6ab6775c8736ba31c5a4e,2017-09,568.7,-22.803350120131952
717bdd1375852978c2b13163e7a2ced4bf2b1ba3fedd7d75d38ae2e3820089272e16f5ba217eb09ab34f8d3b8d1f16da7d2f0a816ea6ab6775c8736ba31c5a4e,2017-10,1118.99,96.76279233339193
717bdd1375852978c2b13163e7a2ced4bf2b1ba3fedd7d75d38ae2e3820089272e16f5ba217eb09ab34f8d3b8d1f16da7d2f0a816ea6ab6775c8736ba31c5a4e,2017-11,828.1200000000002,-25.993976711141276
717bdd1375852978c2b13163e7a2ced4bf2b1ba3fedd7d75d38ae2e3820089272e16f5ba217eb09ab34f8d3b8d1f16da7d2f0a816ea6ab6775c8736ba31c5a4e,2017-12,602.9,-27.196541564024564
717bdd1375852978c2b13163e7a2ced4bf2b1ba3fedd7d75d38ae2e3820089272e16f5ba217eb09ab34f8d3b8d1f16da7d2f0a816ea6ab6775c8736ba31c5a4e,2018-01,724.9300000000001,20.240504229557153
717bdd1375852978c2b13163e7a2ced4bf2b1ba3fedd7d75d38ae2e3820089272e16f5ba217eb09ab34f8d3b8d1f16da7d2f0a816ea6ab6775c8736ba31c5a4e,2018-02,852.3899999999999,17.58238726497728
717bdd1375852978c2b13163e7a2ced4bf2b1ba3fedd7d75d38ae2e3820089272e16f5ba217eb09ab34f8d3b8d1f16da7d2f0a816ea6ab6775c8736ba31c5a4e,2018-03,963.2799999999996,13.009303253205665
717bdd1375852978c2b13163e7a2ced4bf2b1ba3fedd7d75d38ae2e3820089272e16f5ba217eb09ab34f8d3b8d1f16da7d2f0a816ea6ab6775c8736ba31c5a4e,2018-04,1622.2299999999998,68.40690142014788
717bdd1375852978c2b13163e7a2ced4bf2b1ba3fedd7d75d38ae2e3820089272e16f5ba217eb09ab34f8d3b8d1f16da7d2f0a816ea6ab6775c8736ba31c5a4e,2018-05,906.73,-44.10595291666409
717bdd1375852978c2b13163e7a2ced4bf2b1ba3fedd7d75d38ae2e3820089272e16f5ba217eb09ab34f8d3b8d1f16da7d2f0a816ea6ab6775c8736ba31c5a4e,2018-06,469.75,-48.192957109613666
717bdd1375852978c2b13163e7a2ced4bf2b1ba3fedd7d75d38ae2e3820089272e16f5ba217eb09ab34f8d3b8d1f16da7d2f0a816ea6ab6775c8736ba31c5a4e,2018-07,195.75,-58.328898350186265
717bdd1375852978c2b13163e7a2ced4bf2b1ba3fedd7d75d38ae2e3820089272e16f5ba217eb09ab34f8d3b8d1f16da7d2f0a816ea6ab6775c8736ba31c5a4e,2018-08,491.29999999999995,150.98339719029372
717bdd1375852978c2b13163e7a2ced4bf2b1ba3fedd7d75d38ae2e3820089272e16f5ba217eb09ab34f8d3b8d1f16da7d2f0a816ea6ab6775c8736ba31c5a4e,2018-09,458.7900000000001,-6.61713820476285
717bdd1375852978c2b13163e7a2ced4bf2b1ba3fedd7d75d38ae2e3820089272e16f5ba217eb09ab34f8d3b8d1f16da7d2f0a816ea6ab6775c8736ba31c5a4e,2018-10,475.0599999999999,3.5462847926065972
717bdd1375852978c2b13163e7a2ced4bf2b1ba3fedd7d75d38ae2e3820089272e16f5ba217eb09ab34f8d3b8d1f16da7d2f0a816ea6ab6775c8736ba31c5a4e,2018-11,407.97,-14.12242664084534
717bdd1375852978c2b13163e7a2ced4bf2b1ba3fedd7d75d38ae2e3820089272e16f5ba217eb09ab34f8d3b8d1f16da7d2f0a816ea6ab6775c8736ba31c5a4e,2018-12,373.51,-8.446699512219045
717bdd1375852978c2b13163e7a2ced4bf2b1ba3fedd7d75d38ae2e3820089272e16f5ba217eb09ab34f8d3b8d1f16da7d2f0a816ea6ab6775c8736ba31c5a4e,2019-01,359.92999999999995,-3.635779497202228
717bdd1375852978c2b13163e7a2ced4bf2b1ba3fedd7d75d38ae2e3820089272e16f5ba217eb09ab34f8d3b8d1f16da7d2f0a816ea6ab6775c8736ba31c5a4e,2019-02,271.9699999999999,-24.438085183230086
717bdd1375852978c2b13163e7a2ced4bf2b1ba3fedd7d75d38ae2e3820089272e16f5ba217eb09ab34f8d3b8d1f16da7d2f0a816ea6ab6775c8736ba31c5a4e,2019-03,222.80999999999997,-18.075523035628912
717bdd1375852978c2b13163e7a2ced4bf2b1ba3fedd7d75d38ae2e3820089272e16f5ba217eb09ab34f8d3b8d1f16da7d2f0a816ea6ab6775c8736ba31c5a4e,2019-04,1023.5099999999996,359.36448094789273
717bdd1375852978c2b13163e7a2ced4bf2b1ba3fedd7d75d38ae2e3820089272e16f5ba217eb09ab34f8d3b8d1f16da7d2f0a816ea6ab6775c8736ba31c5a4e,2019-05,1255.4699999999993,22.663188439780733
717bdd1375852978c2b13163e7a2ced4bf2b1ba3fedd7d75d38ae2e3820089272e16f5ba217eb09ab34f8d3b8d1f16da7d2f0a816ea6ab6775c8736ba31c5a4e,2019-06,1113.0800000000002,-11.341569292774759
717bdd1375852978c2b13163e7a2ced4bf2b1ba3fedd7d75d38ae2e3820089272e16f5ba217eb09ab34f8d3b8d1f16da7d2f0a816ea6ab6775c8736ba31c5a4e,2019-07,289.3,-74.00905595285155
717bdd1375852978c2b13163e7a2ced4bf2b1ba3fedd7d75d38ae2e3820089272e16f5ba217eb09ab34f8d3b8d1f16da7d2f0a816ea6ab6775c8736ba31c5a4e,2024-02,0.0,-100.0
717bdd1375852978c2b13163e7a2ced4bf2b1ba3fedd7d75d38ae2e3820089272e16f5ba217eb09ab34f8d3b8d1f16da7d2f0a816ea6ab6775c8736ba31c5a4e,2024-03,0.0,
717bdd1375852978c2b13163e7a2ced4bf2b1ba3fedd7d75d38ae2e3820089272e16f5ba217eb09ab34f8d3b8d1f16da7d2f0a816ea6ab6775c8736ba31c5a4e,2024-06,0.0,
3f57eddca4d626a05c7255c32e4e6134f17d7f331073b173675438e3a1f640e107e367f52c5702d2c45e1ac323d7fa47553673637213cb1f84bcc7dc1d098501,2013-01,244.15,
3f57eddca4d626a05c7255c32e4e6134f17d7f331073b173675438e3a1f640e107e367f52c5702d2c45e1ac323d7fa47553673637213cb1f84bcc7dc1d098501,2013-02,408.20000000000005,67.1922998156871
3f57eddca4d626a05c7255c32e4e6134f17d7f331073b173675438e3a1f640e107e367f52c5702d2c45e1ac323d7fa47553673637213cb1f84bcc7dc1d098501,2013-03,427.62999999999994,4.759921607055338
3f57eddca4d626a05c7255c32e4e6134f17d7f331073b173675438e3a1f640e107e367f52c5702d2c45e1ac323d7fa47553673637213cb1f84bcc7dc1d098501,2013-04,486.0000000000001,13.649650398709207
3f57eddca4d626a05c7255c32e4e6134f17d7f331073b173675438e3a1f640e107e367f52c5702d2c45e1ac323d7fa47553673637213cb1f84bcc7dc1d098501,2013-05,610.48,25.61316872427981
3f57eddca4d626a05c7255c32e4e6134f17d7f331073b173675438e3a1f640e107e367f52c5702d2c45e1ac323d7fa47553673637213cb1f84bcc7dc1d098501,2013-06,525.09,-13.987354213078232
3f57eddca4d626a05c7255c32e4e6134f17d7f331073b173675438e3a1f640e107e367f52c5702d2c45e1ac323d7fa47553673637213cb1f84bcc7dc1d098501,2013-07,660.9499999999999,25.873659753566038
3f57eddca4d626a05c7255c32e4e6134f17d7f331073b173675438e3a1f640e107e367f52c5702d2c45e1ac323d7fa47553673637213cb1f84bcc7dc1d098501,2013-08,575.1099999999999,-12.987366669188297
3f57eddca4d626a05c7255c32e4e6134f17d7f331073b173675438e3a1f640e107e367f52c5702d2c45e1ac323d7fa47553673637213cb1f84bcc7dc1d098501,2013-09,264.11,-54.076611430856694
3f57eddca4d626a05c7255c32e4e6134f17d7f331073b173675438e3a1f640e107e367f52c5702d2c45e1ac323d7fa47553673637213cb1f84bcc7dc1d098501,2013-10,266.84,1.033660217333672
3f57eddca4d626a05c7255c32e4e6134f17d7f331073b173675438e3a1f640e107e367f52c5702d2c45e1ac323d7fa47553673637213cb1f84bcc7dc1d098501,2013-11,171.95000000000002,-35.56063558686852
3f57eddca4d626a05c7255c32e4e6134f17d7f331073b173675438e3a1f640e107e367f52c5702d2c45e1ac323d7fa47553673637213cb1f84bcc7dc1d098501,2013-12,88.1,-48.7641756324513
3f57eddca4d626a05c7255c32e4e6134f17d7f331073b173675438e3a1f640e107e367f52c5702d2c45e1ac323d7fa47553673637213cb1f84bcc7dc1d098501,2014-01,30.299999999999997,-65.60726447219069
3f57eddca4d626a05c7255c32e4e6134f17d7f331073b173675438e3a1f640e107e367f52c5702d2c45e1ac323d7fa47553673637213cb1f84bcc7dc1d098501,2014-02,17.2,-43.23432343234323
3f57eddca4d626a05c7255c32e4e6134f17d7f331073b173675438e3a1f640e107e367f52c5702d2c45e1ac323d7fa47553673637213cb1f84bcc7dc1d098501,2014-03,0.0,-100.0
3f57eddca4d626a05c7255c32e4e6134f17d7f331073b173675438e3a1f640e107e367f52c5702d2c45e1ac323d7fa47553673637213cb1f84bcc7dc1d098501,2014-04,119.2,
3f57eddca4d626a05c7255c32e4e6134f17d7f331073b173675438e3a1f640e107e367f52c5702d2c45e1ac323d7fa47553673637213cb1f84bcc7dc1d098501,2014-05,337.9,183.4731543624161
3f57eddca4d626a05c7255c32e4e6134f17d7f331073b173675438e3a1f640e107e367f52c5702d2c45e1ac323d7fa47553673637213cb1f84bcc7dc1d098501,2014-06,198.55,-41.24001183782183
3f57eddca4d626a05c7255c32e4e6134f17d7f331073b173675438e3a1f640e107e367f52c5702d2c45e1ac323d7fa47553673637213cb1f84bcc7dc1d098501,2014-07,498.33000000000004,150.984638630068
3f57eddca4d626a05c7255c32e4e6134f17d7f331073b173675438e3a1f640e107e367f52c5702d2c45e1ac323d7fa47553673637213cb1f84bcc7dc1d098501,2014-08,650.91,30.618265005117074
3f57eddca4d626a05c7255c32e4e6134f17d7f331073b173675438e3a1f640e107e367f52c5702d2c45e1ac323d7fa47553673637213cb1f84bcc7dc1d098501,2014-09,745.0600000000001,14.464365273232874
3f57eddca4d626a05c7255c32e4e6134f17d7f331073b173675438e3a1f640e107e367f52c5702d2c45e1ac323d7fa47553673637213cb1f84bcc7dc1d098501,2014-10,847.5500000000002,13.755939118997143
3f57eddca4d626a05c7255c32e4e6134f17d7f331073b173675438e3a1f640e107e367f52c5702d2c45e1ac323d7fa47553673637213cb1f84bcc7dc1d098501,2014-11,660.02,-22.12612825202055
3f57eddca4d626a05c7255c32e4e6134f17d7f331073b173675438e3a1f640e107e367f52c5702d2c45e1ac323d7fa47553673637213cb1f84bcc7dc1d098501,2014-12,538.01,-18.485803460501195
3f57eddca4d626a05c7255c32e4e6134f17d7f331073b173675438e3a1f640e107e367f52c5702d2c45e1ac323d7fa47553673637213cb1f84bcc7dc1d098501,2015-01,439.59999999999997,-18.291481570974522
3f57eddca4d626a05c7255c32e4e6134f17d7f331073b173675438e3a1f640e107e367f52c5702d2c45e1ac323d7fa47553673637213cb1f84bcc7dc1d098501,2015-02,819.3900000000001,86.39444949954508
3f57eddca4d626a05c7255c32e4e6134f17d7f331073b173675438e3a1f640e107e367f52c5702d2c45e1ac323d7fa47553673637213cb1f84bcc7dc1d098501,2015-03,595.5899999999999,-27.31300113499068
3f57eddca4d626a05c7255c32e4e6134f17d7f331073b173675438e3a1f640e107e367f52c5702d2c45e1ac323d7fa47553673637213cb1f84bcc7dc1d098501,2015-04,702.8399999999999,18.007354052284292
3f57eddca4d626a05c7255c32e4e6134f17d7f331073b173675438e3a1f640e107e367f52c5702d2c45e1ac323d7fa47553673637213cb1f84bcc7dc1d098501,2015-05,715.1800000000001,1.7557338796881434
3f57eddca4d626a05c7255c32e4e6134f17d7f331073b173675438e3a1f640e107e367f52c5702d2c45e1ac323d7fa47553673637213cb1f84bcc7dc1d098501,2015-06,521.96,-27.016974747615986
3f57eddca4d626a05c7255c32e4e6134f17d7f331073b173675438e3a1f640e107e367f52c5702d2c45e1ac323d7fa47553673637213cb1f84bcc7dc1d098501,2015-07,23.5,-95.49773929036708
3f57eddca4d626a05c7255c32e4e6134f17d7f331073b173675438e3a1f640e107e367f52c5702d2c45e1ac323d7fa47553673637213cb1f84bcc7dc1d098501,2015-08,485.75,1967.021276595745
3f57eddca4d626a05c7255c32e4e6134f17d7f331073b173675438e3a1f640e107e367f52c5702d2c45e1ac323d7fa47553673637213cb1f84bcc7dc1d098501,2015-09,263.40000000000003,-45.774575398867725
3f57eddca4d626a05c7255c32e4e6134f17d7f331073b173675438e3a1f640e107e367f52c5702d2c45e1ac323d7fa47553673637213cb1f84bcc7dc1d098501,2015-10,594.9799999999999,125.88458618071368
3f57eddca4d626a05c7255c32e4e6134f17d7f331073b173675438e3a1f640e107e367f52c5702d2c45e1ac323d7fa47553673637213cb1f84bcc7dc1d098501,2015-11,404.42,-32.02796732663282
3f57eddca4d626a05c7255c32e4e6134f17d7f331073b173675438e3a1f640e107e367f52c5702d2c45e1ac323d7fa47553673637213cb1f84bcc7dc1d098501,2015-12,363.24,-10.182483556698484
3f57eddca4d626a05c7255c32e4e6134f17d7f331073b173675438e3a1f640e107e367f52c5702d2c45e1ac323d7fa47553673637213cb1f84bcc7dc1d098501,2016-01,17.46,-95.19326065411299
3f57eddca4d626a05c7255c32e4e6134f17d7f331073b173675438e3a1f640e107e367f52c5702d2c45e1ac323d7fa47553673637213cb1f84bcc7dc1d098501,2016-07,51.8,196.67812142038943
3f57eddca4d626a05c7255c32e4e6134f17d7f331073b173675438e3a1f640e107e367f52c5702d2c45e1ac323d7fa47553673637213cb1f84bcc7dc1d098501,2016-08,331.37,539.7104247104247
3f57eddca4d626a05c7255c32e4e6134f17d7f331073b173675438e3a1f640e107e367f52c5702d2c45e1ac323d7fa47553673637213cb1f84bcc7dc1d098501,2016-09,415.80000000000007,25.479071732504472
3f57eddca4d626a05c7255c32e4e6134f17d7f331073b173675438e3a1f640e107e367f52c5702d2c45e1ac323d7fa47553673637213cb1f84bcc7dc1d098501,2016-10,133.05,-68.00144300144301
3f57eddca4d626a05c7255c32e4e6134f17d7f331073b173675438e3a1f640e107e367f52c5702d2c45e1ac323d7fa47553673637213cb1f84bcc7dc1d098501,2016-11,424.9700000000001,219.40623825629467
3f57eddca4d626a05c7255c32e4e6134f17d7f331073b173675438e3a1f640e107e367f52c5702d2c45e1ac323d7fa47553673637213cb1f84bcc7dc1d098501,2016-12,343.56999999999994,-19.154293244229034
3f57eddca4d626a05c7255c32e4e6134f17d7f331073b173675438e3a1f640e107e367f52c5702d2c45e1ac323d7fa47553673637213cb1f84bcc7dc1d098501,2017-01,328.90000000000003,-4.2698722240009035
3f57eddca4d626a05c7255c32e4e6134f17d7f331073b173675438e3a1f640e107e367f52c5702d2c45e1ac323d7fa47553673637213cb1f84bcc7dc1d098501,2017-02,289.27000000000004,-12.04925509273335
3f57eddca4d626a05c7255c32e4e6134f17d7f331073b173675438e3a1f640e107e367f52c5702d2c45e1ac323d7fa47553673637213cb1f84bcc7dc1d098501,2017-03,308.52,6.654682476578955
3f57eddca4d626a05c7255c32e4e6134f17d7f331073b173675438e3a1f640e107e367f52c5702d2c45e1ac323d7fa47553673637213cb1f84bcc7dc1d098501,2017-04,261.31,-15.30208738493452
3f57eddca4d626a05c7255c32e4e6134f17d7f331073b173675438e3a1f640e107e367f52c5702d2c45e1ac323d7fa47553673637213cb1f84bcc7dc1d098501,2017-05,234.42000000000002,-10.290459607362896
3f57eddca4d626a05c7255c32e4e6134f17d7f331073b173675438e3a1f640e107e367f52c5702d2c45e1ac323d7fa47553673637213cb1f84bcc7dc1d098501,2017-06,1138.98,385.8715126695674
3f57eddca4d626a05c7255c32e4e6134f17d7f331073b173675438e3a1f640e107e367f52c5702d2c45e1ac323d7fa47553673637213cb1f84bcc7dc1d098501,2017-07,1107.7600000000002,-2.741049008762208
3f57eddca4d626a05c7255c32e4e6134f17d7f331073b173675438e3a1f640e107e367f52c5702d2c45e1ac323d7fa47553673637213cb1f84bcc7dc1d098501,2017-08,1445.4099999999994,30.480428973784857
3f57eddca4d626a05c7255c32e4e6134f17d7f331073b173675438e3a1f640e107e367f52c5702d2c45e1ac323d7fa47553673637213cb1f84bcc7dc1d098501,2017-09,1590.2700000000002,10.022069862530415
3f57eddca4d626a05c7255c32e4e6134f17d7f331073b173675438e3a1f640e107e367f52c5702d2c45e1ac323d7fa47553673637213cb1f84bcc7dc1d098501,2017-10,1863.019999999999,17.151175586535548
3f57eddca4d626a05c7255c32e4e6134f17d7f331073b173675438e3a1f640e107e367f52c5702d2c45e1ac323d7fa47553673637213cb1f84bcc7dc1d098501,2017-11,792.4899999999997,-57.462077701796
3f57eddca4d626a05c7255c32e4e6134f17d7f331073b173675438e3a1f640e107e367f52c5702d2c45e1ac323d7fa47553673637213cb1f84bcc7dc1d098501,2017-12,771.5900000000001,-2.637257252457385
3f57eddca4d626a05c7255c32e4e6134f17d7f331073b173675438e3a1f640e107e367f52c5702d2c45e1ac323d7fa47553673637213cb1f84bcc7dc1d098501,2018-01,908.23,17.70888684404928
3f57eddca4d626a05c7255c32e4e6134f17d7f331073b173675438e3a1f640e107e367f52c5702d2c45e1ac323d7fa47553673637213cb1f84bcc7dc1d098501,2018-02,844.4200000000002,-7.0257533884588526
3f57eddca4d626a05c7255c32e4e6134f17d7f331073b173675438e3a1f640e107e367f52c5702d2c45e1ac323d7fa47553673637213cb1f84bcc7dc1d098501,2018-03,1185.6300000000003,40.407617062599186
3f57eddca4d626a05c7255c32e4e6134f17d7f331073b173675438e3a1f640e107e367f52c5702d2c45e1ac323d7fa47553673637213cb1f84bcc7dc1d098501,2018-04,1812.8300000000006,52.90014591398666
3f57eddca4d626a05c7255c32e4e6134f17d7f331073b173675438e3a1f640e107e367f52c5702d2c45e1ac323d7fa47553673637213cb1f84bcc7dc1d098501,2018-05,1645.1400000000006,-9.25017789864466
3f57eddca4d626a05c7255c32e4e6134f17d7f331073b173675438e3a1f640e107e367f52c5702d2c45e1ac323d7fa47553673637213cb1f84bcc7dc1d098501,2018-06,1815.8899999999999,10.379055885821224
3f57eddca4d626a05c7255c32e4e6134f17d7f331073b173675438e3a1f640e107e367f52c5702d2c45e1ac323d7fa47553673637213cb1f84bcc7dc1d098501,2018-07,1083.97,-40.306406225046665
3f57eddca4d626a05c7255c32e4e6134f17d7f331073b173675438e3a1f640e107e367f52c5702d2c45e1ac323d7fa47553673637213cb1f84bcc7dc1d098501,2018-08,1679.6700000000003,54.95539544452339
3f57eddca4d626a05c7255c32e4e6134f17d7f331073b173675438e3a1f640e107e367f52c5702d2c45e1ac323d7fa47553673637213cb1f84bcc7dc1d098501,2018-09,1789.78,6.555454345198738
3f57eddca4d626a05c7255c32e4e6134f17d7f331073b173675438e3a1f640e107e367f52c5702d2c45e1ac323d7fa47553673637213cb1f84bcc7dc1d098501,2018-10,1740.81,-2.736090469219682
3f57eddca4d626a05c7255c32e4e6134f17d7f331073b173675438e3a1f640e107e367f52c5702d2c45e1ac323d7fa47553673637213cb1f84bcc7dc1d098501,2018-11,1691.4099999999999,-2.837759433826787
3f57eddca4d626a05c7255c32e4e6134f17d7f331073b173675438e3a1f640e107e367f52c5702d2c45e1ac323d7fa47553673637213cb1f84bcc7dc1d098501,2018-12,896.81,-46.97855635239238
3f57eddca4d626a05c7255c32e4e6134f17d7f331073b173675438e3a1f640e107e367f52c5702d2c45e1ac323d7fa47553673637213cb1f84bcc7dc1d098501,2019-01,524.5400000000001,-41.510464869927844
3f57eddca4d626a05c7255c32e4e6134f17d7f331073b173675438e3a1f640e107e367f52c5702d2c45e1ac323d7fa47553673637213cb1f84bcc7dc1d098501,2019-02,549.92,4.838525183970694
3f57eddca4d626a05c7255c32e4e6134f17d7f331073b173675438e3a1f640e107e367f52c5702d2c45e1ac323d7fa47553673637213cb1f84bcc7dc1d098501,2019-03,385.6,-29.88070992144311
3f57eddca4d626a05c7255c32e4e6134f17d7f331073b173675438e3a1f640e107e367f52c5702d2c45e1ac323d7fa47553673637213cb1f84bcc7dc1d098501,2019-04,464.16999999999996,20.376037344398323
3f57eddca4d626a05c7255c32e4e6134f17d7f331073b173675438e3a1f640e107e367f52c5702d2c45e1ac323d7fa47553673637213cb1f84bcc7dc1d098501,2019-05,524.2099999999999,12.934916086778545
3f57eddca4d626a05c7255c32e4e6134f17d7f331073b173675438e3a1f640e107e367f52c5702d2c45e1ac323d7fa47553673637213cb1f84bcc7dc1d098501,2019-06,369.25,-29.560672249670922
3f57eddca4d626a05c7255c32e4e6134f17d7f331073b173675438e3a1f640e107e367f52c5702d2c45e1ac323d7fa47553673637213cb1f84bcc7dc1d098501,2019-07,541.39,46.61882193635748
3f57eddca4d626a05c7255c32e4e6134f17d7f331073b173675438e3a1f640e107e367f52c5702d2c45e1ac323d7fa47553673637213cb1f84bcc7dc1d098501,2019-08,495.91,-8.400598459520856
3f57eddca4d626a05c7255c32e4e6134f17d7f331073b173675438e3a1f640e107e367f52c5702d2c45e1ac323d7fa47553673637213cb1f84bcc7dc1d098501,2019-09,127.0,-74.39051440785627
3f57eddca4d626a05c7255c32e4e6134f17d7f331073b173675438e3a1f640e107e367f52c5702d2c45e1ac323d7fa47553673637213cb1f84bcc7dc1d098501,2019-10,627.11,393.78740157480314
3f57eddca4d626a05c7255c32e4e6134f17d7f331073b173675438e3a1f640e107e367f52c5702d2c45e1ac323d7fa47553673637213cb1f84bcc7dc1d098501,2019-11,413.49000000000007,-34.06419926328713
3f57eddca4d626a05c7255c32e4e6134f17d7f331073b173675438e3a1f640e107e367f52c5702d2c45e1ac323d7fa47553673637213cb1f84bcc7dc1d098501,2019-12,164.81,-60.141720476916014
3f57eddca4d626a05c7255c32e4e6134f17d7f331073b173675438e3a1f640e107e367f52c5702d2c45e1ac323d7fa47553673637213cb1f84bcc7dc1d098501,2020-01,659.63,300.2366361264486
3f57eddca4d626a05c7255c32e4e6134f17d7f331073b173675438e3a1f640e107e367f52c5702d2c45e1ac323d7fa47553673637213cb1f84bcc7dc1d098501,2020-02,403.45000000000005,-38.836923729969826
3f57eddca4d626a05c7255c32e4e6134f17d7f331073b173675438e3a1f640e107e367f52c5702d2c45e1ac323d7fa47553673637213cb1f84bcc7dc1d098501,2020-03,145.13,-64.02776056512579
